Top20_Rank,Top20,Top20_Score,Top20_Health,Top20_Freedom,Income,Top20_Social
1,Finland,7.632,0.874,0.681,HI,1.592
2,Norway,7.594,0.861,0.686,HI,1.582
3,Denmark,7.555,0.868,0.683,HI,1.59
4,Iceland,7.495,0.914,0.677,HI,1.644
5,Switzerland,7.487,0.927,0.66,HI,1.549
6,Netherlands,7.441,0.878,0.638,HI,1.488
7,Canada,7.328,0.896,0.653,HI,1.532
8,New Zealand,7.324,0.876,0.669,HI,1.601
9,Sweden,7.314,0.913,0.659,HI,1.501
10,Australia,7.272,0.91,0.647,HI,1.573
11,United Kingdom,7.19,0.888,0.464,HI,1.433
12,Austria,7.139,0.891,0.617,HI,1.504
13,Costa Rica,7.072,0.817,0.632,OT,1.459
14,Ireland,6.977,0.876,0.614,HI,1.583
15,Germany,6.965,0.861,0.586,HI,1.474
16,Belgium,6.927,0.894,0.583,HI,1.483
17,Luxembourg,6.91,0.896,0.632,HI,1.52
18,United States,6.886,0.819,0.547,HI,1.471
19,Israel,6.814,0.883,0.533,HI,1.559
20,United Arab Emirates,6.774,0.67,0.284,HI,0.776
