Top20_Rank,Top20,Top20_Score,Top20_Freedom,Income,Top20_Social
1,Finland,7.769,0.596,HI,1.587
2,Denmark,7.6,0.592,HI,1.573
3,Norway,7.554,0.603,HI,1.582
4,Iceland,7.494,0.591,HI,1.624
5,Netherlands,7.488,0.557,HI,1.522
6,Switzerland,7.48,0.572,HI,1.526
7,Sweden,7.343,0.574,HI,1.487
8,New Zealand,7.307,0.585,HI,1.557
9,Canada,7.278,0.584,HI,1.505
10,Austria,7.246,0.532,HI,1.475
11,Australia,7.228,0.557,HI,1.548
12,Costa Rica,7.167,0.558,OT,1.441
13,Israel,7.139,0.371,HI,1.455
14,Luxembourg,7.09,0.526,HI,1.479
15,United Kingdom,7.054,0.45,HI,1.538
16,Ireland,7.021,0.516,HI,1.553
17,Germany,6.985,0.495,HI,1.454
18,Belgium,6.923,0.473,HI,1.504
19,United States,6.892,0.454,HI,1.457
20,Czech Republic,6.852,0.457,HI,1.487
