﻿Top20_Rank,Top20,Top20_Region,Top20_Score,Top20_Health,Top20_Freedom,Top20_Health_Ex,Top20_Freedom_Ex,Income,Top20_Social
1,Finland,Western Europe,7.842,72,0.949,0.741,0.691,HI,0.954
2,Denmark,Western Europe,7.62,72.7,0.946,0.763,0.686,HI,0.954
3,Switzerland,Western Europe,7.571,74.4,0.919,0.816,0.653,HI,0.942
4,Iceland,Western Europe,7.554,73,0.955,0.772,0.698,HI,0.983
5,Netherlands,Western Europe,7.464,72.4,0.913,0.753,0.647,HI,0.942
6,Norway,Western Europe,7.392,73.3,0.96,0.782,0.703,HI,0.954
7,Sweden,Western Europe,7.363,72.7,0.945,0.763,0.685,HI,0.934
8,Luxembourg,Western Europe,7.324,72.6,0.907,0.76,0.639,HI,0.908
9,New Zealand,North America and ANZ,7.277,73.4,0.929,0.785,0.665,HI,0.948
10,Austria,Western Europe,7.268,73.3,0.908,0.782,0.64,HI,0.934
11,Australia,North America and ANZ,7.183,73.9,0.914,0.801,0.647,HI,0.94
12,Israel,Middle East and North Africa,7.157,73.503,0.8,0.788,0.509,HI,0.939
13,Germany,Western Europe,7.155,72.5,0.875,0.757,0.6,HI,0.903
14,Canada,North America and ANZ,7.103,73.8,0.915,0.798,0.648,HI,0.926
15,Ireland,Western Europe,7.085,72.4,0.879,0.753,0.606,HI,0.947
16,Costa Rica,Latin America and Caribbean,7.069,71.4,0.934,0.722,0.673,OT,0.891
17,United Kingdom,Western Europe,7.064,72.5,0.859,0.757,0.58,HI,0.934
18,Czech Republic,Central and Eastern Europe,6.965,70.807,0.858,0.703,0.58,HI,0.947
19,United States,North America and ANZ,6.951,68.2,0.837,0.621,0.554,HI,0.92
20,Belgium,Western Europe,6.834,72.199,0.783,0.747,0.489,HI,0.906
