Top20_Rank,Top20,Top20_Score,Top20_Health,Income
1,Hong Kong,5.43,1.03,HI
2,Singapore,6.343,1.008,HI
3,Japan,5.915,0.988,HI
4,Spain,6.31,0.965,HI
5,South Korea,5.875,0.955,HI
6,Italy,6,0.946,HI
7,Switzerland,7.487,0.927,HI
8,Iceland,7.495,0.914,HI
9,Sweden,7.314,0.913,HI
10,Australia,7.272,0.91,HI
11,Northern Cyprus,5.835,0.909,HI
12,Cyprus,5.762,0.909,HI
13,France,6.489,0.908,HI
14,Canada,7.328,0.896,HI
15,Luxembourg,6.91,0.896,HI
16,Belgium,6.927,0.894,HI
17,Austria,7.139,0.891,HI
18,United Kingdom,7.19,0.888,HI
19,Malta,6.627,0.884,HI
20,Portugal,5.41,0.884,HI
