Top20_Rank,Top20,Top20_Score,Top20_Health
1,Singapore,6.262,1.141
2,Hong Kong,5.43,1.122
3,Japan,5.886,1.088
4,Spain,6.354,1.062
5,Switzerland,7.48,1.052
6,France,6.592,1.045
7,Cyprus,6.046,1.042
8,Northern Cyprus,5.718,1.042
9,Canada,7.278,1.039
10,Italy,6.223,1.039
11,Australia,7.228,1.036
12,South Korea,5.895,1.036
13,Israel,7.139,1.029
14,Norway,7.554,1.028
15,Iceland,7.494,1.026
16,New Zealand,7.307,1.026
17,Austria,7.246,1.016
18,Luxembourg,7.09,1.012
19,Sweden,7.343,1.009
20,Netherlands,7.488,0.999
