Top20_Rank,Top20,Top20_Region,Top20_Score,Top20_Health
1,Singapore,Southeast Asia,6.377099991,76.80458069
2,Hong Kong S.A.R. of China,East Asia,5.510399818,76.77170563
3,Japan,East Asia,5.870800018,75.00096893
4,Spain,Western Europe,6.400899887,74.40270996
5,Switzerland,Western Europe,7.559899807,74.10244751
6,France,Western Europe,6.663799763,73.80193329
7,Cyprus,Western Europe,6.15899992,73.70222473
8,North Cyprus,Western Europe,5.53550005,73.70222473
9,Australia,North America and ANZ,7.222799778,73.60453796
10,South Korea,East Asia,5.872399807,73.6027298
11,Italy,Western Europe,6.38740015,73.60168457
12,Canada,North America and ANZ,7.23210001,73.60160065
13,New Zealand,North America and ANZ,7.299600124,73.20262909
14,Norway,Western Europe,7.487999916,73.20078278
15,Israel,Middle East and North Africa,7.128600121,73.20025635
16,Austria,Western Europe,7.294199944,73.00250244
17,Iceland,Western Europe,7.504499912,73
18,Sweden,Western Europe,7.353499889,72.60076904
19,Luxembourg,Western Europe,7.237500191,72.59999847
20,Greece,Western Europe,5.514999866,72.40525818
