﻿Top20_Rank,Top20,Top20_Score,Top20_Health,Income
1,Singapore,6.377,76.953,HI
2,Hong Kong S.A.R. of China,5.477,76.82,HI
3,Japan,5.94,75.1,HI
4,Spain,6.491,74.7,HI
5,Switzerland,7.571,74.4,HI
6,France,6.69,74,HI
7,Australia,7.183,73.9,HI
8,South Korea,5.845,73.9,HI
9,Cyprus,6.223,73.898,HI
10,North Cyprus,5.536,73.898,HI
11,Canada,7.103,73.8,HI
12,Italy,6.483,73.8,HI
13,Israel,7.157,73.503,HI
14,New Zealand,7.277,73.4,HI
15,Norway,7.392,73.3,HI
16,Austria,7.268,73.3,HI
17,Iceland,7.554,73,HI
18,Denmark,7.62,72.7,HI
19,Sweden,7.363,72.7,HI
20,Luxembourg,7.324,72.6,HI
