Year,country,Hap_sc,GDP_percap,income_class
2018,Finland,7.63,13050,HI
2018,Norway,7.59,14560,HI
2018,Denmark,7.56,13510,HI
2018,Iceland,7.5,13430,HI
2018,Switzerland,7.49,14200,HI
2018,Netherlands,7.44,13610,HI
2018,Canada,7.33,13300,HI
2018,New Zealand,7.32,12680,HI
2018,Sweden,7.31,13550,HI
2018,Australia,7.27,13400,HI
2018,United Kingdom,7.19,12440,HI
2018,Austria,7.14,13410,HI
2018,Costa Rica,7.07,10100,OT
2018,Ireland,6.98,14480,HI
2018,Germany,6.97,13400,HI
2018,Belgium,6.93,13240,HI
2018,Luxembourg,6.91,15760,HI
2018,United States,6.89,13980,HI
2018,Israel,6.81,13010,HI
2018,United Arab Emirates,6.77,20960,HI
2019,Finland,7.77,13400,HI
2019,Denmark,7.6,13830,HI
2019,Norway,7.55,14880,HI
2019,Iceland,7.49,13800,HI
2019,Netherlands,7.49,13960,HI
2019,Switzerland,7.48,14520,HI
2019,Sweden,7.34,13870,HI
2019,New Zealand,7.31,13030,HI
2019,Canada,7.28,13650,HI
2019,Austria,7.25,13760,HI
2019,Australia,7.23,13720,HI
2019,Costa Rica,7.17,10340,OT
2019,Israel,7.14,12760,HI
2019,Luxembourg,7.09,16090,HI
2019,United Kingdom,7.05,13330,HI
2019,Ireland,7.02,14990,HI
2019,Germany,6.99,13730,HI
2019,Belgium,6.92,13560,HI
2019,United States,6.89,14330,HI
2019,Czech Republic,6.85,12690,HI
2020,Finland,7.81,14825.66,HI
2020,Denmark,7.65,15320.04,HI
2020,Switzerland,7.56,16114.29,HI
2020,Iceland,7.5,15286.61,HI
2020,Norway,7.49,16529.87,HI
2020,Netherlands,7.45,15469.45,HI
2020,Sweden,7.35,15362.24,HI
2020,New Zealand,7.3,14398.27,HI
2020,Austria,7.29,15238.21,HI
2020,Luxembourg,7.24,17932.41,HI
2020,Canada,7.23,15109.51,HI
2020,Australia,7.22,15190.87,HI
2020,United Kingdom,7.16,14743,HI
2020,Israel,7.13,14089.28,HI
2020,Costa Rica,7.12,11338.65,OT
2020,Ireland,7.09,16663.03,HI
2020,Germany,7.08,15203.62,HI
2020,United States,6.94,15895.66,HI
2020,Czech Republic,6.91,14010.29,HI
2020,Belgium,6.86,15007.35,HI
2021,Finland,7.84,16423.13,HI
2021,Denmark,7.62,16994.98,HI
2021,Switzerland,7.57,17905.71,HI
2021,Iceland,7.55,16949.49,HI
2021,Netherlands,7.46,17160.58,HI
2021,Norway,7.39,18356.91,HI
2021,Sweden,7.36,17031.66,HI
2021,Luxembourg,7.32,15695.33,HI
2021,New Zealand,7.28,15930.68,HI
2021,Austria,7.27,16900.09,HI
2021,Australia,7.18,16830.87,HI
2021,Israel,7.16,15579.22,HI
2021,Germany,7.16,16856.71,HI
2021,Canada,7.1,16737.71,HI
2021,Ireland,7.09,18552.95,HI
2021,Costa Rica,7.07,12458.91,OT
2021,United Kingdom,7.06,16321.53,HI
2021,Czech Republic,6.97,15489.21,HI
2021,United States,6.95,17647.84,HI
2021,Belgium,6.83,16631.59,HI
