﻿Data for calendar year :,2018,2019,2020,2021
Andorra,H,H,H,H
Antigua and Barbuda,H,H,H,H
Aruba,H,H,H,H
Australia,H,H,H,H
Austria,H,H,H,H
"Bahamas, The",H,H,H,H
Bahrain,H,H,H,H
Barbados,H,H,H,H
Belgium,H,H,H,H
Bermuda,H,H,H,H
British Virgin Islands,H,H,H,H
Brunei Darussalam,H,H,H,H
Canada,H,H,H,H
Cayman Islands,H,H,H,H
Channel Islands,H,H,H,H
Chile,H,H,H,H
Croatia,H,H,H,H
Curaçao,H,H,H,H
Cyprus,H,H,H,H
Czech Republic,H,H,H,H
Denmark,H,H,H,H
Estonia,H,H,H,H
Faeroe Islands,H,H,H,H
Finland,H,H,H,H
France,H,H,H,H
French Polynesia,H,H,H,H
Germany,H,H,H,H
Gibraltar,H,H,H,H
Greece,H,H,H,H
Greenland,H,H,H,H
Guam,H,H,H,H
"Hong Kong SAR, China",H,H,H,H
Hungary,H,H,H,H
Iceland,H,H,H,H
Ireland,H,H,H,H
Isle of Man,H,H,H,H
Israel,H,H,H,H
Italy,H,H,H,H
Japan,H,H,H,H
"Korea, Rep.",H,H,H,H
Kuwait,H,H,H,H
Latvia,H,H,H,H
Liechtenstein,H,H,H,H
Lithuania,H,H,H,H
Luxembourg,H,H,H,H
"Macao SAR, China",H,H,H,H
Malta,H,H,H,H
Monaco,H,H,H,H
Netherlands,H,H,H,H
New Caledonia,H,H,H,H
New Zealand,H,H,H,H
Northern Mariana Islands,H,H,H,H
Norway,H,H,H,H
Oman,H,H,H,H
Palau,H,H,H,UM
Panama,H,H,UM,H
Poland,H,H,H,H
Portugal,H,H,H,H
Puerto Rico,H,H,H,H
Qatar,H,H,H,H
San Marino,H,H,H,H
Saudi Arabia,H,H,H,H
Seychelles,H,H,H,H
Singapore,H,H,H,H
Sint Maarten (Dutch part),H,H,H,H
Slovak Republic,H,H,H,H
Slovenia,H,H,H,H
Spain,H,H,H,H
St. Kitts and Nevis,H,H,H,H
St. Martin (French part),H,H,H,H
Sweden,H,H,H,H
Switzerland,H,H,H,H
"Taiwan, China",H,H,H,H
Trinidad and Tobago,H,H,H,H
Turks and Caicos Islands,H,H,H,H
United Kingdom,H,H,H,H
United States,H,H,H,H
Uruguay,H,H,H,H
Virgin Islands (U.S.),H,H,H,H
