﻿Data for calendar year :,2018,2019,2020,2021
Afghanistan,L,L,L,L
Benin,L,LM,LM,LM
Burkina Faso,L,L,L,L
Burundi,L,L,L,L
Central African Republic,L,L,L,L
Chad,L,L,L,L
"Congo, Dem. Rep.",L,L,L,L
Eritrea,L,L,L,L
Ethiopia,L,L,L,L
"Gambia, The",L,L,L,L
Guinea,L,L,L,L
Guinea-Bissau,L,L,L,L
Haiti,L,L,LM,LM
"Korea, Dem. Rep.",L,L,L,L
Liberia,L,L,L,L
Madagascar,L,L,L,L
Malawi,L,L,L,L
Mali,L,L,L,L
Mozambique,L,L,L,L
Nepal,L,LM,LM,LM
Niger,L,L,L,L
Rwanda,L,L,L,L
Sierra Leone,L,L,L,L
Somalia,L,L,L,L
South Sudan,L,L,L,L
Syrian Arab Republic,L,L,L,L
Tajikistan,L,L,LM,LM
Tanzania,L,LM,LM,LM
Togo,L,L,L,L
Uganda,L,L,L,L
"Yemen, Rep.",L,L,L,L
